en\u0009date_full\u0009Saturday, December 24, 2022\u0009\u0009
en\u0009time_full\u00093:07:09 PM Coordinated Universal Time\u0009\u0009
en\u0009both_full\u0009Saturday, December 24, 2022, 3:07 PM\u0009\u0009
en\u0009date_long\u0009December 24, 2022\u0009\u0009
en\u0009time_long\u00093:07:09 PM UTC\u0009\u0009
en\u0009both_long\u0009December 24, 2022, 3:07 PM\u0009\u0009
en\u0009date_medium\u0009Dec 24, 2022\u0009\u0009
en\u0009time_medium\u00093:07:09 PM\u0009\u0009
en\u0009both_medium\u0009Dec 24, 2022, 3:07 PM\u0009\u0009
en\u0009date_short\u000912/24/22\u0009\u0009
en\u0009time_short\u00093:07 PM\u0009\u0009
en\u0009both_short\u000912/24/22, 3:07 PM\u0009\u0009
en-GB\u0009date_full\u0009Saturday, 24 December 2022\u0009\u0009
en-GB\u0009time_full\u00093:07:09 pm Coordinated Universal Time\u0009\u0009
en-GB\u0009both_full\u0009Saturday, 24 December 2022, 3:07 pm\u0009\u0009
en-GB\u0009date_long\u000924 December 2022\u0009\u0009
en-GB\u0009time_long\u00093:07:09 pm UTC\u0009\u0009
en-GB\u0009both_long\u000924 December 2022, 3:07 pm\u0009\u0009
en-GB\u0009date_medium\u000924 Dec 2022\u0009\u0009
en-GB\u0009time_medium\u00093:07:09 pm\u0009\u0009
en-GB\u0009both_medium\u000924 Dec 2022, 3:07 pm\u0009\u0009
en-GB\u0009date_short\u000924/12/22\u0009\u0009
en-GB\u0009time_short\u00093:07 pm\u0009\u0009
en-GB\u0009both_short\u000924/12/22, 3:07 pm\u0009\u0009
de\u0009date_full\u0009Samstag, 24. Dezember 2022\u0009\u0009
de\u0009time_full\u000915:07:09 Coordinated Universal Time\u0009\u0009
de\u0009both_full\u0009Samstag, 24. Dezember 2022, 15:07\u0009\u0009
de\u0009date_long\u000924. Dezember 2022\u0009\u0009
de\u0009time_long\u000915:07:09 UTC\u0009\u0009
de\u0009both_long\u000924. Dezember 2022, 15:07\u0009\u0009
de\u0009date_medium\u000924. Dez 2022\u0009\u0009
de\u0009time_medium\u000915:07:09\u0009\u0009
de\u0009both_medium\u000924. Dez 2022, 15:07\u0009\u0009
de\u0009date_short\u000924.12.2022\u0009\u0009
de\u0009time_short\u000915:07\u0009\u0009
de\u0009both_short\u000924.12.2022, 15:07\u0009\u0009
fr\u0009date_full\u0009samedi 24 d\u00e9cembre 2022\u0009\u0009
fr\u0009time_full\u000915:07:09 Coordinated Universal Time\u0009\u0009
fr\u0009both_full\u0009samedi 24 d\u00e9cembre 2022, 15:07\u0009\u0009
fr\u0009date_long\u000924 d\u00e9cembre 2022\u0009\u0009
fr\u0009time_long\u000915:07:09 UTC\u0009\u0009
fr\u0009both_long\u000924 d\u00e9cembre 2022, 15:07\u0009\u0009
fr\u0009date_medium\u000924 d\u00e9c. 2022\u0009\u0009
fr\u0009time_medium\u000915:07:09\u0009\u0009
fr\u0009both_medium\u000924 d\u00e9c. 2022, 15:07\u0009\u0009
fr\u0009date_short\u000924/12/2022\u0009\u0009
fr\u0009time_short\u000915:07\u0009\u0009
fr\u0009both_short\u000924/12/2022, 15:07\u0009\u0009
es\u0009date_full\u0009s\u00e1bado, 24 de diciembre de 2022\u0009\u0009
es\u0009time_full\u000915:07:09 Coordinated Universal Time\u0009\u0009
es\u0009both_full\u0009s\u00e1bado, 24 de diciembre de 2022, 15:07\u0009\u0009
es\u0009date_long\u000924 de diciembre de 2022\u0009\u0009
es\u0009time_long\u000915:07:09 UTC\u0009\u0009
es\u0009both_long\u000924 de diciembre de 2022, 15:07\u0009\u0009
es\u0009date_medium\u000924 de dic de 2022\u0009\u0009
es\u0009time_medium\u000915:07:09\u0009\u0009
es\u0009both_medium\u000924 de dic de 2022, 15:07\u0009\u0009
es\u0009date_short\u000924/12/2022\u0009\u0009
es\u0009time_short\u000915:07\u0009\u0009
es\u0009both_short\u000924/12/2022, 15:07\u0009\u0009
ru\u0009date_full\u0009\u0441\u0443\u0431\u0431\u043e\u0442\u0430, 24 \u0434\u0435\u043a\u0430\u0431\u0440\u044f 2022\u202f\u0433.\u0009\u0009
ru\u0009time_full\u000915:07:09 Coordinated Universal Time\u0009\u0009
ru\u0009both_full\u0009\u0441\u0443\u0431\u0431\u043e\u0442\u0430, 24 \u0434\u0435\u043a\u0430\u0431\u0440\u044f 2022\u202f\u0433., 15:07\u0009\u0009
ru\u0009date_long\u000924 \u0434\u0435\u043a\u0430\u0431\u0440\u044f 2022\u202f\u0433.\u0009\u0009
ru\u0009time_long\u000915:07:09 UTC\u0009\u0009
ru\u0009both_long\u000924 \u0434\u0435\u043a\u0430\u0431\u0440\u044f 2022\u202f\u0433., 15:07\u0009\u0009
ru\u0009date_medium\u000924 \u0434\u0435\u043a. 2022\u202f\u0433.\u0009\u0009
ru\u0009time_medium\u000915:07:09\u0009\u0009
ru\u0009both_medium\u000924 \u0434\u0435\u043a. 2022\u202f\u0433., 15:07\u0009\u0009
ru\u0009date_short\u000924.12.2022\u0009\u0009
ru\u0009time_short\u000915:07\u0009\u0009
ru\u0009both_short\u000924.12.2022, 15:07\u0009\u0009
pl\u0009date_full\u0009sobota, 24 grudnia 2022\u0009\u0009
pl\u0009time_full\u000915:07:09 Coordinated Universal Time\u0009\u0009
pl\u0009both_full\u0009sobota, 24 grudnia 2022, 15:07\u0009\u0009
pl\u0009date_long\u000924 grudnia 2022\u0009\u0009
pl\u0009time_long\u000915:07:09 UTC\u0009\u0009
pl\u0009both_long\u000924 grudnia 2022, 15:07\u0009\u0009
pl\u0009date_medium\u000924 gru 2022\u0009\u0009
pl\u0009time_medium\u000915:07:09\u0009\u0009
pl\u0009both_medium\u000924 gru 2022, 15:07\u0009\u0009
pl\u0009date_short\u000924.12.2022\u0009\u0009
pl\u0009time_short\u000915:07\u0009\u0009
pl\u0009both_short\u000924.12.2022, 15:07\u0009\u0009
ja\u0009date_full\u00092022\u5e7412\u670824\u65e5\u571f\u66dc\u65e5\u0009\u0009
ja\u0009time_full\u00093:07:09 \u5348\u5f8c Coordinated Universal Time\u0009\u0009
ja\u0009both_full\u00092022\u5e7412\u670824\u65e5\u571f\u66dc\u65e5, 3:07 \u5348\u5f8c\u0009\u0009
ja\u0009date_long\u00092022\u5e7412\u670824\u65e5\u0009\u0009
ja\u0009time_long\u00093:07:09 \u5348\u5f8c UTC\u0009\u0009
ja\u0009both_long\u00092022\u5e7412\u670824\u65e5, 3:07 \u5348\u5f8c\u0009\u0009
ja\u0009date_medium\u00092022\u5e7412\u670824\u65e5\u0009\u0009
ja\u0009time_medium\u00093:07:09 \u5348\u5f8c\u0009\u0009
ja\u0009both_medium\u00092022\u5e7412\u670824\u65e5, 3:07 \u5348\u5f8c\u0009\u0009
ja\u0009date_short\u00092022/12/24\u0009\u0009
ja\u0009time_short\u00093:07 \u5348\u5f8c\u0009\u0009
ja\u0009both_short\u00092022/12/24, 3:07 \u5348\u5f8c\u0009\u0009
zh\u0009date_full\u00092022\u5e7412\u670824\u65e5\u661f\u671f\u516d\u0009\u0009
zh\u0009time_full\u00093:07:09 \u4e0b\u5348 Coordinated Universal Time\u0009\u0009
zh\u0009both_full\u00092022\u5e7412\u670824\u65e5\u661f\u671f\u516d, 3:07 \u4e0b\u5348\u0009\u0009
zh\u0009date_long\u00092022\u5e7412\u670824\u65e5\u0009\u0009
zh\u0009time_long\u00093:07:09 \u4e0b\u5348 UTC\u0009\u0009
zh\u0009both_long\u00092022\u5e7412\u670824\u65e5, 3:07 \u4e0b\u5348\u0009\u0009
zh\u0009date_medium\u00092022\u5e7412\u670824\u65e5\u0009\u0009
zh\u0009time_medium\u00093:07:09 \u4e0b\u5348\u0009\u0009
zh\u0009both_medium\u00092022\u5e7412\u670824\u65e5, 3:07 \u4e0b\u5348\u0009\u0009
zh\u0009date_short\u00092022/12/24\u0009\u0009
zh\u0009time_short\u00093:07 \u4e0b\u5348\u0009\u0009
zh\u0009both_short\u00092022/12/24, 3:07 \u4e0b\u5348\u0009\u0009
ko\u0009date_full\u00092022\ub144 12\uc6d4 24\uc77c \ud1a0\uc694\uc77c\u0009\u0009
ko\u0009time_full\u00093:07:09 \uc624\ud6c4 Coordinated Universal Time\u0009\u0009
ko\u0009both_full\u00092022\ub144 12\uc6d4 24\uc77c \ud1a0\uc694\uc77c, 3:07 \uc624\ud6c4\u0009\u0009
ko\u0009date_long\u00092022\ub144 12\uc6d4 24\uc77c\u0009\u0009
ko\u0009time_long\u00093:07:09 \uc624\ud6c4 UTC\u0009\u0009
ko\u0009both_long\u00092022\ub144 12\uc6d4 24\uc77c, 3:07 \uc624\ud6c4\u0009\u0009
ko\u0009date_medium\u00092022\ub144 12\uc6d4 24\uc77c\u0009\u0009
ko\u0009time_medium\u00093:07:09 \uc624\ud6c4\u0009\u0009
ko\u0009both_medium\u00092022\ub144 12\uc6d4 24\uc77c, 3:07 \uc624\ud6c4\u0009\u0009
ko\u0009date_short\u00092022. 12. 24.\u0009\u0009
ko\u0009time_short\u00093:07 \uc624\ud6c4\u0009\u0009
ko\u0009both_short\u00092022. 12. 24., 3:07 \uc624\ud6c4\u0009\u0009
ar\u0009date_full\u0009\u0627\u0644\u0633\u0628\u062a\u060c 24 \u062f\u064a\u0633\u0645\u0628\u0631 2022\u0009\u0009
ar\u0009time_full\u00093:07:09 \u0645 Coordinated Universal Time\u0009\u0009
ar\u0009both_full\u0009\u0627\u0644\u0633\u0628\u062a\u060c 24 \u062f\u064a\u0633\u0645\u0628\u0631 2022, 3:07 \u0645\u0009\u0009
ar\u0009date_long\u000924 \u062f\u064a\u0633\u0645\u0628\u0631 2022\u0009\u0009
ar\u0009time_long\u00093:07:09 \u0645 UTC\u0009\u0009
ar\u0009both_long\u000924 \u062f\u064a\u0633\u0645\u0628\u0631 2022, 3:07 \u0645\u0009\u0009
ar\u0009date_medium\u000924 \u062f\u064a\u0633\u0645\u0628\u0631 2022\u0009\u0009
ar\u0009time_medium\u00093:07:09 \u0645\u0009\u0009
ar\u0009both_medium\u000924 \u062f\u064a\u0633\u0645\u0628\u0631 2022, 3:07 \u0645\u0009\u0009
ar\u0009date_short\u000924\u200f/12\u200f/2022\u0009\u0009
ar\u0009time_short\u00093:07 \u0645\u0009\u0009
ar\u0009both_short\u000924\u200f/12\u200f/2022, 3:07 \u0645\u0009\u0009
null
