en\u0009E_d_MMMM\u0009Sat, December 24\u0009weekday ", " month " " day\u0009weekday=short,month=long,day=numeric
en\u0009EEEE_d_MMMM\u0009Saturday, December 24\u0009weekday ", " month " " day\u0009weekday=long,month=long,day=numeric
en\u0009E_y_MMM_d\u0009Sat, Dec 24, 2022\u0009weekday ", " month " " day ", " year\u0009weekday=short,year=numeric,month=short,day=numeric
en\u0009EEEE_y_MMMM_d\u0009Saturday, December 24, 2022\u0009weekday ", " month " " day ", " year\u0009weekday=long,year=numeric,month=long,day=numeric
en\u0009y_MMMM\u0009December 2022\u0009month " " year\u0009year=numeric,month=long
en\u0009y_MMM\u0009Dec 2022\u0009month " " year\u0009year=numeric,month=short
en\u0009y_MM\u000912/2022\u0009month "/" year\u0009year=numeric,month=2-digit
en\u0009MMMM_d\u0009December 24\u0009month " " day\u0009month=long,day=numeric
en\u0009MMM_d\u0009Dec 24\u0009month " " day\u0009month=short,day=numeric
en\u0009M_d\u000912/24\u0009month "/" day\u0009month=numeric,day=numeric
en\u0009y_M_d\u000912/24/2022\u0009month "/" day "/" year\u0009year=numeric,month=numeric,day=numeric
en\u0009yy_MM_dd\u000912/24/22\u0009month "/" day "/" year\u0009year=2-digit,month=2-digit,day=2-digit
en\u0009MMMM\u0009December\u0009month\u0009month=long
en\u0009EEEE\u0009Saturday\u0009weekday\u0009weekday=long
en\u0009d\u000924\u0009day\u0009day=numeric
en\u0009G_y\u00092022 AD\u0009year " " era\u0009era=short,year=numeric
en\u0009GGGG_y_MMMM_d\u0009December 24, 2022 Anno Domini\u0009month " " day ", " year " " era\u0009era=long,year=numeric,month=long,day=numeric
en\u0009j_mm\u00093:07 PM\u0009hour ":" minute "\u202f" dayPeriod\u0009hour=numeric,minute=2-digit,hourCycle=h12
en\u0009H_mm_h23\u000915:07\u0009hour ":" minute\u0009hour=2-digit,minute=2-digit,hourCycle=h23
en\u0009h_mm_h12\u00093:07 PM\u0009hour ":" minute "\u202f" dayPeriod\u0009hour=numeric,minute=2-digit,hourCycle=h12
en\u0009j_mm_ss\u00093:07:09 PM\u0009hour ":" minute ":" second "\u202f" dayPeriod\u0009hour=numeric,minute=2-digit,second=2-digit,hourCycle=h12
en\u0009E_j_mm\u0009Sat 3:07 PM\u0009weekday " " hour ":" minute "\u202f" dayPeriod\u0009weekday=short,hour=numeric,minute=2-digit,hourCycle=h12
en\u0009y_MMMM_d_j_mm\u0009December 24, 2022 at 3:07 PM\u0009month " " day ", " year " at " hour ":" minute "\u202f" dayPeriod\u0009year=numeric,month=long,day=numeric,hour=numeric,minute=2-digit,hourCycle=h12
en\u0009MMM_d_j_mm\u0009Dec 24, 3:07 PM\u0009month " " day ", " hour ":" minute "\u202f" dayPeriod\u0009month=short,day=numeric,hour=numeric,minute=2-digit,hourCycle=h12
en\u0009y_M_d_j_mm_ss\u000912/24/2022, 3:07:09 PM\u0009month "/" day "/" year ", " hour ":" minute ":" second "\u202f" dayPeriod\u0009year=numeric,month=numeric,day=numeric,hour=numeric,minute=2-digit,second=2-digit,hourCycle=h12
en-GB\u0009E_d_MMMM\u0009Sat 24 December\u0009weekday " " day " " month\u0009weekday=short,month=long,day=numeric
en-GB\u0009EEEE_d_MMMM\u0009Saturday 24 December\u0009weekday " " day " " month\u0009weekday=long,month=long,day=numeric
en-GB\u0009E_y_MMM_d\u0009Sat, 24 Dec 2022\u0009weekday ", " day " " month " " year\u0009weekday=short,year=numeric,month=short,day=numeric
en-GB\u0009EEEE_y_MMMM_d\u0009Saturday, 24 December 2022\u0009weekday ", " day " " month " " year\u0009weekday=long,year=numeric,month=long,day=numeric
en-GB\u0009y_MMMM\u0009December 2022\u0009month " " year\u0009year=numeric,month=long
en-GB\u0009y_MMM\u0009Dec 2022\u0009month " " year\u0009year=numeric,month=short
en-GB\u0009y_MM\u000912/2022\u0009month "/" year\u0009year=numeric,month=2-digit
en-GB\u0009MMMM_d\u000924 December\u0009day " " month\u0009month=long,day=numeric
en-GB\u0009MMM_d\u000924 Dec\u0009day " " month\u0009month=short,day=numeric
en-GB\u0009M_d\u000924/12\u0009day "/" month\u0009month=2-digit,day=2-digit
en-GB\u0009y_M_d\u000924/12/2022\u0009day "/" month "/" year\u0009year=numeric,month=2-digit,day=2-digit
en-GB\u0009yy_MM_dd\u000924/12/22\u0009day "/" month "/" year\u0009year=2-digit,month=2-digit,day=2-digit
en-GB\u0009MMMM\u0009December\u0009month\u0009month=long
en-GB\u0009EEEE\u0009Saturday\u0009weekday\u0009weekday=long
en-GB\u0009d\u000924\u0009day\u0009day=numeric
en-GB\u0009G_y\u00092022 AD\u0009year " " era\u0009era=short,year=numeric
en-GB\u0009GGGG_y_MMMM_d\u000924 December 2022 Anno Domini\u0009day " " month " " year " " era\u0009era=long,year=numeric,month=long,day=numeric
en-GB\u0009j_mm\u000915:07\u0009hour ":" minute\u0009hour=numeric,minute=2-digit,hourCycle=h23
en-GB\u0009H_mm_h23\u000915:07\u0009hour ":" minute\u0009hour=numeric,minute=2-digit,hourCycle=h23
en-GB\u0009h_mm_h12\u00093:07 pm\u0009hour ":" minute "\u202f" dayPeriod\u0009hour=numeric,minute=2-digit,hourCycle=h12
en-GB\u0009j_mm_ss\u000915:07:09\u0009hour ":" minute ":" second\u0009hour=2-digit,minute=2-digit,second=2-digit,hourCycle=h23
en-GB\u0009E_j_mm\u0009Sat 15:07\u0009weekday " " hour ":" minute\u0009weekday=short,hour=2-digit,minute=2-digit,hourCycle=h23
en-GB\u0009y_MMMM_d_j_mm\u000924 December 2022 at 15:07\u0009day " " month " " year " at " hour ":" minute\u0009year=numeric,month=long,day=numeric,hour=numeric,minute=2-digit,hourCycle=h23
en-GB\u0009MMM_d_j_mm\u000924 Dec, 15:07\u0009day " " month ", " hour ":" minute\u0009month=short,day=numeric,hour=numeric,minute=2-digit,hourCycle=h23
en-GB\u0009y_M_d_j_mm_ss\u000924/12/2022, 15:07:09\u0009day "/" month "/" year ", " hour ":" minute ":" second\u0009year=numeric,month=2-digit,day=2-digit,hour=2-digit,minute=2-digit,second=2-digit,hourCycle=h23
de\u0009E_d_MMMM\u0009Sa., 24. Dezember\u0009weekday ", " day ". " month\u0009weekday=short,month=long,day=numeric
de\u0009EEEE_d_MMMM\u0009Samstag, 24. Dezember\u0009weekday ", " day ". " month\u0009weekday=long,month=long,day=numeric
de\u0009E_y_MMM_d\u0009Sa., 24. Dez. 2022\u0009weekday ", " day ". " month " " year\u0009weekday=short,year=numeric,month=short,day=numeric
de\u0009EEEE_y_MMMM_d\u0009Samstag, 24. Dezember 2022\u0009weekday ", " day ". " month " " year\u0009weekday=long,year=numeric,month=long,day=numeric
de\u0009y_MMMM\u0009Dezember 2022\u0009month " " year\u0009year=numeric,month=long
de\u0009y_MMM\u0009Dez. 2022\u0009month " " year\u0009year=numeric,month=short
de\u0009y_MM\u000912/2022\u0009month "/" year\u0009year=numeric,month=2-digit
de\u0009MMMM_d\u000924. Dezember\u0009day ". " month\u0009month=long,day=numeric
de\u0009MMM_d\u000924. Dez.\u0009day ". " month\u0009month=short,day=numeric
de\u0009M_d\u000924.12.\u0009day "." month "."\u0009month=numeric,day=numeric
de\u0009y_M_d\u000924.12.2022\u0009day "." month "." year\u0009year=numeric,month=numeric,day=numeric
de\u0009yy_MM_dd\u000924.12.22\u0009day "." month "." year\u0009year=2-digit,month=2-digit,day=2-digit
de\u0009MMMM\u0009Dezember\u0009month\u0009month=long
de\u0009EEEE\u0009Samstag\u0009weekday\u0009weekday=long
de\u0009d\u000924\u0009day\u0009day=numeric
de\u0009G_y\u00092022 n. Chr.\u0009year " " era\u0009era=short,year=numeric
de\u0009GGGG_y_MMMM_d\u000924. Dezember 2022 n. Chr.\u0009day ". " month " " year " " era\u0009era=long,year=numeric,month=long,day=numeric
de\u0009j_mm\u000915:07\u0009hour ":" minute\u0009hour=numeric,minute=2-digit,hourCycle=h23
de\u0009H_mm_h23\u000915:07\u0009hour ":" minute\u0009hour=numeric,minute=2-digit,hourCycle=h23
de\u0009h_mm_h12\u00093:07 PM\u0009hour ":" minute "\u202f" dayPeriod\u0009hour=numeric,minute=2-digit,hourCycle=h12
de\u0009j_mm_ss\u000915:07:09\u0009hour ":" minute ":" second\u0009hour=2-digit,minute=2-digit,second=2-digit,hourCycle=h23
de\u0009E_j_mm\u0009Sa., 15:07\u0009weekday ", " hour ":" minute\u0009weekday=short,hour=2-digit,minute=2-digit,hourCycle=h23
de\u0009y_MMMM_d_j_mm\u000924. Dezember 2022 um 15:07\u0009day ". " month " " year " um " hour ":" minute\u0009year=numeric,month=long,day=numeric,hour=numeric,minute=2-digit,hourCycle=h23
de\u0009MMM_d_j_mm\u000924. Dez., 15:07\u0009day ". " month ", " hour ":" minute\u0009month=short,day=numeric,hour=numeric,minute=2-digit,hourCycle=h23
de\u0009y_M_d_j_mm_ss\u000924.12.2022, 15:07:09\u0009day "." month "." year ", " hour ":" minute ":" second\u0009year=numeric,month=numeric,day=numeric,hour=2-digit,minute=2-digit,second=2-digit,hourCycle=h23
fr\u0009E_d_MMMM\u0009sam. 24 d\u00e9cembre\u0009weekday " " day " " month\u0009weekday=short,month=long,day=numeric
fr\u0009EEEE_d_MMMM\u0009samedi 24 d\u00e9cembre\u0009weekday " " day " " month\u0009weekday=long,month=long,day=numeric
fr\u0009E_y_MMM_d\u0009sam. 24 d\u00e9c. 2022\u0009weekday " " day " " month " " year\u0009weekday=short,year=numeric,month=short,day=numeric
fr\u0009EEEE_y_MMMM_d\u0009samedi 24 d\u00e9cembre 2022\u0009weekday " " day " " month " " year\u0009weekday=long,year=numeric,month=long,day=numeric
fr\u0009y_MMMM\u0009d\u00e9cembre 2022\u0009month " " year\u0009year=numeric,month=long
fr\u0009y_MMM\u0009d\u00e9c. 2022\u0009month " " year\u0009year=numeric,month=short
fr\u0009y_MM\u000912/2022\u0009month "/" year\u0009year=numeric,month=2-digit
fr\u0009MMMM_d\u000924 d\u00e9cembre\u0009day " " month\u0009month=long,day=numeric
fr\u0009MMM_d\u000924 d\u00e9c.\u0009day " " month\u0009month=short,day=numeric
fr\u0009M_d\u000924/12\u0009day "/" month\u0009month=2-digit,day=2-digit
fr\u0009y_M_d\u000924/12/2022\u0009day "/" month "/" year\u0009year=numeric,month=2-digit,day=2-digit
fr\u0009yy_MM_dd\u000924/12/22\u0009day "/" month "/" year\u0009year=2-digit,month=2-digit,day=2-digit
fr\u0009MMMM\u0009d\u00e9cembre\u0009month\u0009month=long
fr\u0009EEEE\u0009samedi\u0009weekday\u0009weekday=long
fr\u0009d\u000924\u0009day\u0009day=numeric
fr\u0009G_y\u00092022 ap. J.-C.\u0009year " " era\u0009era=short,year=numeric
fr\u0009GGGG_y_MMMM_d\u000924 d\u00e9cembre 2022 apr\u00e8s J\u00e9sus-Christ\u0009day " " month " " year " " era\u0009era=long,year=numeric,month=long,day=numeric
fr\u0009j_mm\u000915:07\u0009hour ":" minute\u0009hour=numeric,minute=2-digit,hourCycle=h23
fr\u0009H_mm_h23\u000915:07\u0009hour ":" minute\u0009hour=numeric,minute=2-digit,hourCycle=h23
fr\u0009h_mm_h12\u00093:07 PM\u0009hour ":" minute "\u202f" dayPeriod\u0009hour=numeric,minute=2-digit,hourCycle=h12
fr\u0009j_mm_ss\u000915:07:09\u0009hour ":" minute ":" second\u0009hour=2-digit,minute=2-digit,second=2-digit,hourCycle=h23
fr\u0009E_j_mm\u0009sam. 15:07\u0009weekday " " hour ":" minute\u0009weekday=short,hour=2-digit,minute=2-digit,hourCycle=h23
fr\u0009y_MMMM_d_j_mm\u000924 d\u00e9cembre 2022 \u00e0 15:07\u0009day " " month " " year " \u00e0 " hour ":" minute\u0009year=numeric,month=long,day=numeric,hour=numeric,minute=2-digit,hourCycle=h23
fr\u0009MMM_d_j_mm\u000924 d\u00e9c., 15:07\u0009day " " month ", " hour ":" minute\u0009month=short,day=numeric,hour=numeric,minute=2-digit,hourCycle=h23
fr\u0009y_M_d_j_mm_ss\u000924/12/2022 15:07:09\u0009day "/" month "/" year " " hour ":" minute ":" second\u0009year=numeric,month=2-digit,day=2-digit,hour=2-digit,minute=2-digit,second=2-digit,hourCycle=h23
es\u0009E_d_MMMM\u0009s\u00e1b, 24 de diciembre\u0009weekday ", " day " de " month\u0009weekday=short,month=long,day=numeric
es\u0009EEEE_d_MMMM\u0009s\u00e1bado, 24 de diciembre\u0009weekday ", " day " de " month\u0009weekday=long,month=long,day=numeric
es\u0009E_y_MMM_d\u0009s\u00e1b, 24 dic 2022\u0009weekday ", " day " " month " " year\u0009weekday=short,year=numeric,month=short,day=numeric
es\u0009EEEE_y_MMMM_d\u0009s\u00e1bado, 24 de diciembre de 2022\u0009weekday ", " day " de " month " de " year\u0009weekday=long,year=numeric,month=long,day=numeric
es\u0009y_MMMM\u0009diciembre de 2022\u0009month " de " year\u0009year=numeric,month=long,day=numeric
es\u0009y_MMM\u0009dic 2022\u0009month " " year\u0009year=numeric,month=short
es\u0009y_MM\u000912/2022\u0009month "/" year\u0009year=numeric,month=numeric
es\u0009MMMM_d\u000924 de diciembre\u0009day " de " month\u0009month=long,day=numeric
es\u0009MMM_d\u000924 dic\u0009day " " month\u0009month=short,day=numeric
es\u0009M_d\u000924/12\u0009day "/" month\u0009month=numeric,day=numeric
es\u0009y_M_d\u000924/12/2022\u0009day "/" month "/" year\u0009year=numeric,month=numeric,day=numeric
es\u0009yy_MM_dd\u000924/12/22\u0009day "/" month "/" year\u0009year=2-digit,month=2-digit,day=2-digit
es\u0009MMMM\u0009diciembre\u0009month\u0009month=long
es\u0009EEEE\u0009s\u00e1bado\u0009weekday\u0009weekday=long
es\u0009d\u000924\u0009day\u0009day=numeric
es\u0009G_y\u00092022 d. C.\u0009year " " era\u0009era=short,year=numeric
es\u0009GGGG_y_MMMM_d\u000924 de diciembre de 2022 despu\u00e9s de Cristo\u0009day " de " month " de " year " " era\u0009era=long,year=numeric,month=long,day=numeric
es\u0009j_mm\u000915:07\u0009hour ":" minute\u0009hour=numeric,minute=2-digit,hourCycle=h23
es\u0009H_mm_h23\u000915:07\u0009hour ":" minute\u0009hour=numeric,minute=2-digit,hourCycle=h23
es\u0009h_mm_h12\u00093:07 p. m.\u0009hour ":" minute "\u202f" dayPeriod\u0009hour=numeric,minute=2-digit,hourCycle=h12
es\u0009j_mm_ss\u000915:07:09\u0009hour ":" minute ":" second\u0009hour=numeric,minute=2-digit,second=2-digit,hourCycle=h23
es\u0009E_j_mm\u0009s\u00e1b, 15:07\u0009weekday ", " hour ":" minute\u0009weekday=short,hour=numeric,minute=2-digit,hourCycle=h23
es\u0009y_MMMM_d_j_mm\u000924 de diciembre de 2022 a las 15:07\u0009day " de " month " de " year " a las " hour ":" minute\u0009year=numeric,month=long,day=numeric,hour=numeric,minute=2-digit,second=numeric,hourCycle=h23
es\u0009MMM_d_j_mm\u000924 dic, 15:07\u0009day " " month ", " hour ":" minute\u0009month=short,day=numeric,hour=numeric,minute=2-digit,hourCycle=h23
es\u0009y_M_d_j_mm_ss\u000924/12/2022, 15:07:09\u0009day "/" month "/" year ", " hour ":" minute ":" second\u0009year=numeric,month=numeric,day=numeric,hour=numeric,minute=2-digit,second=2-digit,hourCycle=h23
ru\u0009E_d_MMMM\u0009\u0441\u0431, 24 \u0434\u0435\u043a\u0430\u0431\u0440\u044f\u0009weekday ", " day " " month\u0009weekday=short,month=long,day=numeric
ru\u0009EEEE_d_MMMM\u0009\u0441\u0443\u0431\u0431\u043e\u0442\u0430, 24 \u0434\u0435\u043a\u0430\u0431\u0440\u044f\u0009weekday ", " day " " month\u0009weekday=long,month=long,day=numeric
ru\u0009E_y_MMM_d\u0009\u0441\u0431, 24 \u0434\u0435\u043a. 2022 \u0433.\u0009weekday ", " day " " month " " year "\u202f\u0433."\u0009weekday=short,year=numeric,month=short,day=numeric
ru\u0009EEEE_y_MMMM_d\u0009\u0441\u0443\u0431\u0431\u043e\u0442\u0430, 24 \u0434\u0435\u043a\u0430\u0431\u0440\u044f 2022 \u0433.\u0009weekday ", " day " " month " " year "\u202f\u0433."\u0009weekday=long,year=numeric,month=long,day=numeric
ru\u0009y_MMMM\u0009\u0434\u0435\u043a\u0430\u0431\u0440\u044c 2022 \u0433.\u0009month " " year "\u202f\u0433."\u0009year=numeric,month=long
ru\u0009y_MMM\u0009\u0434\u0435\u043a. 2022 \u0433.\u0009month " " year "\u202f\u0433."\u0009year=numeric,month=short
ru\u0009y_MM\u000912.2022\u0009month "." year\u0009year=numeric,month=2-digit
ru\u0009MMMM_d\u000924 \u0434\u0435\u043a\u0430\u0431\u0440\u044f\u0009day " " month\u0009month=long,day=numeric
ru\u0009MMM_d\u000924 \u0434\u0435\u043a.\u0009day " " month\u0009month=short,day=numeric
ru\u0009M_d\u000924.12\u0009day "." month\u0009month=2-digit,day=2-digit
ru\u0009y_M_d\u000924.12.2022\u0009day "." month "." year\u0009year=numeric,month=2-digit,day=2-digit
ru\u0009yy_MM_dd\u000924.12.22\u0009day "." month "." year\u0009year=2-digit,month=2-digit,day=2-digit
ru\u0009MMMM\u0009\u0434\u0435\u043a\u0430\u0431\u0440\u044c\u0009month\u0009month=long
ru\u0009EEEE\u0009\u0441\u0443\u0431\u0431\u043e\u0442\u0430\u0009weekday\u0009weekday=long
ru\u0009d\u000924\u0009day\u0009day=numeric
ru\u0009G_y\u00092022 \u0433. \u043d. \u044d.\u0009year "\u202f\u0433. " era\u0009era=short,year=numeric
ru\u0009GGGG_y_MMMM_d\u000924 \u0434\u0435\u043a\u0430\u0431\u0440\u044f 2022 \u0433. \u043e\u0442 \u0420\u043e\u0436\u0434\u0435\u0441\u0442\u0432\u0430 \u0425\u0440\u0438\u0441\u0442\u043e\u0432\u0430\u0009day " " month " " year "\u202f\u0433. " era\u0009era=long,year=numeric,month=long,day=numeric
ru\u0009j_mm\u000915:07\u0009hour ":" minute\u0009hour=numeric,minute=2-digit,hourCycle=h23
ru\u0009H_mm_h23\u000915:07\u0009hour ":" minute\u0009hour=numeric,minute=2-digit,hourCycle=h23
ru\u0009h_mm_h12\u00093:07 PM\u0009hour ":" minute "\u202f" dayPeriod\u0009hour=numeric,minute=2-digit,hourCycle=h12
ru\u0009j_mm_ss\u000915:07:09\u0009hour ":" minute ":" second\u0009hour=2-digit,minute=2-digit,second=2-digit,hourCycle=h23
ru\u0009E_j_mm\u0009\u0441\u0431 15:07\u0009weekday " " hour ":" minute\u0009weekday=short,hour=2-digit,minute=2-digit,hourCycle=h23
ru\u0009y_MMMM_d_j_mm\u000924 \u0434\u0435\u043a\u0430\u0431\u0440\u044f 2022 \u0433. \u0432 15:07\u0009day " " month " " year "\u202f\u0433. \u0432 " hour ":" minute\u0009year=numeric,month=long,day=numeric,hour=numeric,minute=2-digit,hourCycle=h23
ru\u0009MMM_d_j_mm\u000924 \u0434\u0435\u043a., 15:07\u0009day " " month ", " hour ":" minute\u0009month=short,day=numeric,hour=numeric,minute=2-digit,hourCycle=h23
ru\u0009y_M_d_j_mm_ss\u000924.12.2022, 15:07:09\u0009day "." month "." year ", " hour ":" minute ":" second\u0009year=numeric,month=2-digit,day=2-digit,hour=2-digit,minute=2-digit,second=2-digit,hourCycle=h23
pl\u0009E_d_MMMM\u0009sob., 24 grudnia\u0009weekday ", " day " " month\u0009weekday=short,month=long,day=numeric
pl\u0009EEEE_d_MMMM\u0009sobota, 24 grudnia\u0009weekday ", " day " " month\u0009weekday=long,month=long,day=numeric
pl\u0009E_y_MMM_d\u0009sob., 24 gru 2022\u0009weekday ", " day " " month " " year\u0009weekday=short,year=numeric,month=short,day=numeric
pl\u0009EEEE_y_MMMM_d\u0009sobota, 24 grudnia 2022\u0009weekday ", " day " " month " " year\u0009weekday=long,year=numeric,month=long,day=numeric
pl\u0009y_MMMM\u0009grudzie\u0144 2022\u0009month " " year\u0009year=numeric,month=long
pl\u0009y_MMM\u0009gru 2022\u0009month " " year\u0009year=numeric,month=short
pl\u0009y_MM\u000912.2022\u0009month "." year\u0009year=numeric,month=2-digit
pl\u0009MMMM_d\u000924 grudnia\u0009day " " month\u0009month=long,day=numeric
pl\u0009MMM_d\u000924 gru\u0009day " " month\u0009month=short,day=numeric
pl\u0009M_d\u000924.12\u0009day "." month\u0009month=2-digit,day=numeric
pl\u0009y_M_d\u000924.12.2022\u0009day "." month "." year\u0009year=numeric,month=2-digit,day=numeric
pl\u0009yy_MM_dd\u000924.12.22\u0009day "." month "." year\u0009year=2-digit,month=2-digit,day=2-digit
pl\u0009MMMM\u0009grudzie\u0144\u0009month\u0009month=long
pl\u0009EEEE\u0009sobota\u0009weekday\u0009weekday=long
pl\u0009d\u000924\u0009day\u0009day=numeric
pl\u0009G_y\u00092022 n.e.\u0009year " " era\u0009era=short,year=numeric
pl\u0009GGGG_y_MMMM_d\u000924 grudnia 2022 naszej ery\u0009day " " month " " year " " era\u0009era=long,year=numeric,month=long,day=numeric
pl\u0009j_mm\u000915:07\u0009hour ":" minute\u0009hour=numeric,minute=2-digit,hourCycle=h23
pl\u0009H_mm_h23\u000915:07\u0009hour ":" minute\u0009hour=numeric,minute=2-digit,hourCycle=h23
pl\u0009h_mm_h12\u00093:07 PM\u0009hour ":" minute "\u202f" dayPeriod\u0009hour=numeric,minute=2-digit,hourCycle=h12
pl\u0009j_mm_ss\u000915:07:09\u0009hour ":" minute ":" second\u0009hour=2-digit,minute=2-digit,second=2-digit,hourCycle=h23
pl\u0009E_j_mm\u0009sob., 15:07\u0009weekday ", " hour ":" minute\u0009weekday=short,hour=2-digit,minute=2-digit,hourCycle=h23
pl\u0009y_MMMM_d_j_mm\u000924 grudnia 2022 15:07\u0009day " " month " " year " " hour ":" minute\u0009year=numeric,month=long,day=numeric,hour=numeric,minute=2-digit,hourCycle=h23
pl\u0009MMM_d_j_mm\u000924 gru, 15:07\u0009day " " month ", " hour ":" minute\u0009month=short,day=numeric,hour=numeric,minute=2-digit,hourCycle=h23
pl\u0009y_M_d_j_mm_ss\u000924.12.2022, 15:07:09\u0009day "." month "." year ", " hour ":" minute ":" second\u0009year=numeric,month=2-digit,day=numeric,hour=2-digit,minute=2-digit,second=2-digit,hourCycle=h23
ja\u0009E_d_MMMM\u000912\u670824\u65e5(\u571f)\u0009month "\u6708" day "\u65e5(" weekday ")"\u0009weekday=short,month=numeric,day=numeric
ja\u0009EEEE_d_MMMM\u000912\u670824\u65e5\u571f\u66dc\u65e5\u0009month "\u6708" day "\u65e5" weekday\u0009weekday=long,month=numeric,day=numeric
ja\u0009E_y_MMM_d\u00092022\u5e7412\u670824\u65e5(\u571f)\u0009year "\u5e74" month "\u6708" day "\u65e5(" weekday ")"\u0009weekday=short,year=numeric,month=numeric,day=numeric
ja\u0009EEEE_y_MMMM_d\u00092022\u5e7412\u670824\u65e5\u571f\u66dc\u65e5\u0009year "\u5e74" month "\u6708" day "\u65e5" weekday\u0009weekday=long,year=numeric,month=numeric,day=numeric
ja\u0009y_MMMM\u00092022\u5e7412\u6708\u0009year "\u5e74" month "\u6708"\u0009year=numeric,month=numeric
ja\u0009y_MMM\u00092022\u5e7412\u6708\u0009year "\u5e74" month "\u6708"\u0009year=numeric,month=numeric
ja\u0009y_MM\u00092022/12\u0009year "/" month\u0009year=numeric,month=2-digit
ja\u0009MMMM_d\u000912\u670824\u65e5\u0009month "\u6708" day "\u65e5"\u0009month=numeric,day=numeric
ja\u0009MMM_d\u000912\u670824\u65e5\u0009month "\u6708" day "\u65e5"\u0009month=numeric,day=numeric
ja\u0009M_d\u000912/24\u0009month "/" day\u0009month=numeric,day=numeric
ja\u0009y_M_d\u00092022/12/24\u0009year "/" month "/" day\u0009year=numeric,month=numeric,day=numeric
ja\u0009yy_MM_dd\u000922/12/24\u0009year "/" month "/" day\u0009year=2-digit,month=2-digit,day=2-digit
ja\u0009MMMM\u000912\u6708\u0009month "\u6708"\u0009month=numeric
ja\u0009EEEE\u0009\u571f\u66dc\u65e5\u0009weekday\u0009weekday=long
ja\u0009d\u000924\u65e5\u0009day "\u65e5"\u0009day=numeric
ja\u0009G_y\u0009\u897f\u66a62022\u5e74\u0009era year "\u5e74"\u0009era=short,year=numeric
ja\u0009GGGG_y_MMMM_d\u0009\u897f\u66a62022\u5e7412\u670824\u65e5\u0009era year "\u5e74" month "\u6708" day "\u65e5"\u0009era=long,year=numeric,month=numeric,day=numeric
ja\u0009j_mm\u000915:07\u0009hour ":" minute\u0009hour=numeric,minute=2-digit,hourCycle=h23
ja\u0009H_mm_h23\u000915:07\u0009hour ":" minute\u0009hour=numeric,minute=2-digit,hourCycle=h23
ja\u0009h_mm_h12\u0009\u5348\u5f8c3:07\u0009dayPeriod hour ":" minute\u0009hour=numeric,minute=2-digit,hourCycle=h12
ja\u0009j_mm_ss\u000915:07:09\u0009hour ":" minute ":" second\u0009hour=numeric,minute=2-digit,second=2-digit,hourCycle=h23
ja\u0009E_j_mm\u000915:07 (\u571f)\u0009hour ":" minute " (" weekday ")"\u0009weekday=short,hour=numeric,minute=2-digit,hourCycle=h23
ja\u0009y_MMMM_d_j_mm\u00092022\u5e7412\u670824\u65e5 15:07\u0009year "\u5e74" month "\u6708" day "\u65e5 " hour ":" minute\u0009year=numeric,month=numeric,day=numeric,hour=numeric,minute=2-digit,hourCycle=h23
ja\u0009MMM_d_j_mm\u000912\u670824\u65e5 15:07\u0009month "\u6708" day "\u65e5 " hour ":" minute\u0009month=numeric,day=numeric,hour=numeric,minute=2-digit,hourCycle=h23
ja\u0009y_M_d_j_mm_ss\u00092022/12/24 15:07:09\u0009year "/" month "/" day " " hour ":" minute ":" second\u0009year=numeric,month=numeric,day=numeric,hour=numeric,minute=2-digit,second=2-digit,hourCycle=h23
zh\u0009E_d_MMMM\u000912\u670824\u65e5\u5468\u516d\u0009month "\u6708" day "\u65e5" weekday\u0009weekday=short,month=numeric,day=numeric
zh\u0009EEEE_d_MMMM\u000912\u670824\u65e5\u661f\u671f\u516d\u0009month "\u6708" day "\u65e5" weekday\u0009weekday=long,month=numeric,day=numeric
zh\u0009E_y_MMM_d\u00092022\u5e7412\u670824\u65e5\u5468\u516d\u0009year "\u5e74" month "\u6708" day "\u65e5" weekday\u0009weekday=short,year=numeric,month=numeric,day=numeric
zh\u0009EEEE_y_MMMM_d\u00092022\u5e7412\u670824\u65e5\u661f\u671f\u516d\u0009year "\u5e74" month "\u6708" day "\u65e5" weekday\u0009weekday=long,year=numeric,month=numeric,day=numeric
zh\u0009y_MMMM\u00092022\u5e7412\u6708\u0009year "\u5e74" month "\u6708"\u0009year=numeric,month=numeric
zh\u0009y_MMM\u00092022\u5e7412\u6708\u0009year "\u5e74" month "\u6708"\u0009year=numeric,month=numeric
zh\u0009y_MM\u00092022\u5e7412\u6708\u0009year "\u5e74" month "\u6708"\u0009year=numeric,month=numeric
zh\u0009MMMM_d\u000912\u670824\u65e5\u0009month "\u6708" day "\u65e5"\u0009month=numeric,day=numeric
zh\u0009MMM_d\u000912\u670824\u65e5\u0009month "\u6708" day "\u65e5"\u0009month=numeric,day=numeric
zh\u0009M_d\u000912/24\u0009month "/" day\u0009month=numeric,day=numeric
zh\u0009y_M_d\u00092022/12/24\u0009year "/" month "/" day\u0009year=numeric,month=numeric,day=numeric
zh\u0009yy_MM_dd\u000922/12/24\u0009year "/" month "/" day\u0009year=2-digit,month=2-digit,day=2-digit
zh\u0009MMMM\u0009\u5341\u4e8c\u6708\u0009month\u0009month=long
zh\u0009EEEE\u0009\u661f\u671f\u516d\u0009weekday\u0009weekday=long
zh\u0009d\u000924\u65e5\u0009day "\u65e5"\u0009day=numeric
zh\u0009G_y\u0009\u516c\u51432022\u5e74\u0009era year "\u5e74"\u0009era=short,year=numeric
zh\u0009GGGG_y_MMMM_d\u0009\u516c\u51432022\u5e7412\u670824\u65e5\u0009era year "\u5e74" month "\u6708" day "\u65e5"\u0009era=long,year=numeric,month=numeric,day=numeric
zh\u0009j_mm\u000915:07\u0009hour ":" minute\u0009hour=numeric,minute=2-digit,hourCycle=h23
zh\u0009H_mm_h23\u000915:07\u0009hour ":" minute\u0009hour=numeric,minute=2-digit,hourCycle=h23
zh\u0009h_mm_h12\u0009\u4e0b\u53483:07\u0009dayPeriod hour ":" minute\u0009hour=numeric,minute=2-digit,hourCycle=h12
zh\u0009j_mm_ss\u000915:07:09\u0009hour ":" minute ":" second\u0009hour=2-digit,minute=2-digit,second=2-digit,hourCycle=h23
zh\u0009E_j_mm\u0009\u5468\u516d15:07\u0009weekday hour ":" minute\u0009weekday=short,hour=2-digit,minute=2-digit,hourCycle=h23
zh\u0009y_MMMM_d_j_mm\u00092022\u5e7412\u670824\u65e5 15:07\u0009year "\u5e74" month "\u6708" day "\u65e5 " hour ":" minute\u0009year=numeric,month=numeric,day=numeric,hour=numeric,minute=2-digit,hourCycle=h23
zh\u0009MMM_d_j_mm\u000912\u670824\u65e5 15:07\u0009month "\u6708" day "\u65e5 " hour ":" minute\u0009month=numeric,day=numeric,hour=numeric,minute=2-digit,hourCycle=h23
zh\u0009y_M_d_j_mm_ss\u00092022/12/24 15:07:09\u0009year "/" month "/" day " " hour ":" minute ":" second\u0009year=numeric,month=numeric,day=numeric,hour=2-digit,minute=2-digit,second=2-digit,hourCycle=h23
ko\u0009E_d_MMMM\u000912\uc6d4 24\uc77c (\ud1a0)\u0009month " " day "\uc77c (" weekday ")"\u0009weekday=short,month=long,day=numeric
ko\u0009EEEE_d_MMMM\u000912\uc6d4 24\uc77c \ud1a0\uc694\uc77c\u0009month " " day "\uc77c " weekday\u0009weekday=long,month=long,day=numeric
ko\u0009E_y_MMM_d\u00092022\ub144 12\uc6d4 24\uc77c (\ud1a0)\u0009year "\ub144 " month " " day "\uc77c (" weekday ")"\u0009weekday=short,year=numeric,month=short,day=numeric
ko\u0009EEEE_y_MMMM_d\u00092022\ub144 12\uc6d4 24\uc77c \ud1a0\uc694\uc77c\u0009year "\ub144 " month " " day "\uc77c " weekday\u0009weekday=long,year=numeric,month=long,day=numeric
ko\u0009y_MMMM\u00092022\ub144 12\uc6d4\u0009year "\ub144 " month\u0009year=numeric,month=long
ko\u0009y_MMM\u00092022\ub144 12\uc6d4\u0009year "\ub144 " month\u0009year=numeric,month=short
ko\u0009y_MM\u00092022. 12.\u0009year ". " month "."\u0009year=numeric,month=numeric
ko\u0009MMMM_d\u000912\uc6d4 24\uc77c\u0009month " " day "\uc77c"\u0009month=long,day=numeric
ko\u0009MMM_d\u000912\uc6d4 24\uc77c\u0009month " " day "\uc77c"\u0009month=short,day=numeric
ko\u0009M_d\u000912. 24.\u0009month ". " day "."\u0009month=numeric,day=numeric
ko\u0009y_M_d\u00092022. 12. 24.\u0009year ". " month ". " day "."\u0009year=numeric,month=numeric,day=numeric
ko\u0009yy_MM_dd\u000922. 12. 24.\u0009year ". " month ". " day "."\u0009year=2-digit,month=2-digit,day=2-digit
ko\u0009MMMM\u000912\uc6d4\u0009month\u0009month=long
ko\u0009EEEE\u0009\ud1a0\uc694\uc77c\u0009weekday\u0009weekday=long
ko\u0009d\u000924\uc77c\u0009day "\uc77c"\u0009day=numeric
ko\u0009G_y\u0009AD 2022\ub144\u0009era " " year "\ub144"\u0009era=short,year=numeric
ko\u0009GGGG_y_MMMM_d\u0009\uc11c\uae30 2022\ub144 12\uc6d4 24\uc77c\u0009era " " year "\ub144 " month " " day "\uc77c"\u0009era=long,year=numeric,month=long,day=numeric
ko\u0009j_mm\u0009\uc624\ud6c4 3:07\u0009dayPeriod " " hour ":" minute\u0009hour=numeric,minute=2-digit,hourCycle=h12
ko\u0009H_mm_h23\u000915:07\u0009hour ":" minute\u0009hour=2-digit,minute=2-digit,hourCycle=h23
ko\u0009h_mm_h12\u0009\uc624\ud6c4 3:07\u0009dayPeriod " " hour ":" minute\u0009hour=numeric,minute=2-digit,hourCycle=h12
ko\u0009j_mm_ss\u0009\uc624\ud6c4 3:07:09\u0009dayPeriod " " hour ":" minute ":" second\u0009hour=numeric,minute=2-digit,second=2-digit,hourCycle=h12
ko\u0009E_j_mm\u0009(\ud1a0) \uc624\ud6c4 3:07\u0009"(" weekday ") " dayPeriod " " hour ":" minute\u0009weekday=short,hour=numeric,minute=2-digit,hourCycle=h12
ko\u0009y_MMMM_d_j_mm\u00092022\ub144 12\uc6d4 24\uc77c \uc624\ud6c4 3:07\u0009year "\ub144 " month " " day "\uc77c " dayPeriod " " hour ":" minute\u0009year=numeric,month=long,day=numeric,hour=numeric,minute=2-digit,hourCycle=h12
ko\u0009MMM_d_j_mm\u000912\uc6d4 24\uc77c \uc624\ud6c4 3:07\u0009month " " day "\uc77c " dayPeriod " " hour ":" minute\u0009month=short,day=numeric,hour=numeric,minute=2-digit,hourCycle=h12
ko\u0009y_M_d_j_mm_ss\u00092022. 12. 24. \uc624\ud6c4 3:07:09\u0009year ". " month ". " day ". " dayPeriod " " hour ":" minute ":" second\u0009year=numeric,month=numeric,day=numeric,hour=numeric,minute=2-digit,second=2-digit,hourCycle=h12
ar\u0009E_d_MMMM\u0009\u0627\u0644\u0633\u0628\u062a\u060c 24 \u062f\u064a\u0633\u0645\u0628\u0631\u0009weekday "\u060c " day " " month\u0009weekday=short,month=long,day=numeric
ar\u0009EEEE_d_MMMM\u0009\u0627\u0644\u0633\u0628\u062a\u060c 24 \u062f\u064a\u0633\u0645\u0628\u0631\u0009weekday "\u060c " day " " month\u0009weekday=long,month=long,day=numeric
ar\u0009E_y_MMM_d\u0009\u0627\u0644\u0633\u0628\u062a\u060c 24 \u062f\u064a\u0633\u0645\u0628\u0631 2022\u0009weekday "\u060c " day " " month " " year\u0009weekday=short,year=numeric,month=short,day=numeric
ar\u0009EEEE_y_MMMM_d\u0009\u0627\u0644\u0633\u0628\u062a\u060c 24 \u062f\u064a\u0633\u0645\u0628\u0631 2022\u0009weekday "\u060c " day " " month " " year\u0009weekday=long,year=numeric,month=long,day=numeric
ar\u0009y_MMMM\u0009\u062f\u064a\u0633\u0645\u0628\u0631 2022\u0009month " " year\u0009year=numeric,month=long
ar\u0009y_MMM\u0009\u062f\u064a\u0633\u0645\u0628\u0631 2022\u0009month " " year\u0009year=numeric,month=short
ar\u0009y_MM\u000912\u200f/2022\u0009month "\u200f/" year\u0009year=numeric,month=2-digit
ar\u0009MMMM_d\u000924 \u062f\u064a\u0633\u0645\u0628\u0631\u0009day " " month\u0009month=long,day=numeric
ar\u0009MMM_d\u000924 \u062f\u064a\u0633\u0645\u0628\u0631\u0009day " " month\u0009month=short,day=numeric
ar\u0009M_d\u000924\u200f/12\u0009day "\u200f/" month\u0009month=numeric,day=numeric
ar\u0009y_M_d\u000924\u200f/12\u200f/2022\u0009day "\u200f/" month "\u200f/" year\u0009year=numeric,month=numeric,day=numeric
ar\u0009yy_MM_dd\u000924\u200f/12\u200f/22\u0009day "\u200f/" month "\u200f/" year\u0009year=2-digit,month=2-digit,day=2-digit
ar\u0009MMMM\u0009\u062f\u064a\u0633\u0645\u0628\u0631\u0009month\u0009month=long
ar\u0009EEEE\u0009\u0627\u0644\u0633\u0628\u062a\u0009weekday\u0009weekday=long
ar\u0009d\u000924\u0009day\u0009day=numeric
ar\u0009G_y\u00092022 \u0645\u0009year " " era\u0009era=short,year=numeric
ar\u0009GGGG_y_MMMM_d\u000924 \u062f\u064a\u0633\u0645\u0628\u0631 2022 \u0645\u064a\u0644\u0627\u062f\u064a\u0009day " " month " " year " " era\u0009era=long,year=numeric,month=long,day=numeric
ar\u0009j_mm\u00093:07 \u0645\u0009hour ":" minute " " dayPeriod\u0009hour=numeric,minute=2-digit,hourCycle=h12
ar\u0009H_mm_h23\u000915:07\u0009hour ":" minute\u0009hour=2-digit,minute=2-digit,hourCycle=h23
ar\u0009h_mm_h12\u00093:07 \u0645\u0009hour ":" minute " " dayPeriod\u0009hour=numeric,minute=2-digit,hourCycle=h12
ar\u0009j_mm_ss\u00093:07:09 \u0645\u0009hour ":" minute ":" second " " dayPeriod\u0009hour=numeric,minute=2-digit,second=2-digit,hourCycle=h12
ar\u0009E_j_mm\u0009\u0627\u0644\u0633\u0628\u062a 3:07 \u0645\u0009weekday " " hour ":" minute " " dayPeriod\u0009weekday=short,hour=numeric,minute=2-digit,hourCycle=h12
ar\u0009y_MMMM_d_j_mm\u000924 \u062f\u064a\u0633\u0645\u0628\u0631 2022 \u0641\u064a 3:07 \u0645\u0009day " " month " " year " \u0641\u064a " hour ":" minute " " dayPeriod\u0009year=numeric,month=long,day=numeric,hour=numeric,minute=2-digit,hourCycle=h12
ar\u0009MMM_d_j_mm\u000924 \u062f\u064a\u0633\u0645\u0628\u0631\u060c 3:07 \u0645\u0009day " " month "\u060c " hour ":" minute " " dayPeriod\u0009month=short,day=numeric,hour=numeric,minute=2-digit,hourCycle=h12
ar\u0009y_M_d_j_mm_ss\u000924\u200f/12\u200f/2022\u060c 3:07:09 \u0645\u0009day "\u200f/" month "\u200f/" year "\u060c " hour ":" minute ":" second " " dayPeriod\u0009year=numeric,month=numeric,day=numeric,hour=numeric,minute=2-digit,second=2-digit,hourCycle=h12
en\u0009range_MMM_d_sameMonth\u0009Dec 24\u2009\u2013\u200927\u0009\u0009
en\u0009range_y_MMM_d_diffMonth\u0009Nov 24\u2009\u2013\u2009Dec 3, 2022\u0009\u0009
en\u0009range_j_mm_sameDay\u00099:00\u202fAM\u2009\u2013\u20093:30\u202fPM\u0009\u0009
en\u0009range_E_d_MMMM\u0009Sat, December 24\u2009\u2013\u2009Tue, December 27\u0009\u0009
en-GB\u0009range_MMM_d_sameMonth\u000924\u2009\u2013\u200927 Dec\u0009\u0009
en-GB\u0009range_y_MMM_d_diffMonth\u000924 Nov\u2009\u2013\u20093 Dec 2022\u0009\u0009
en-GB\u0009range_j_mm_sameDay\u000909:00\u201315:30\u0009\u0009
en-GB\u0009range_E_d_MMMM\u0009Sat 24 December\u2009\u2013\u2009Tue 27 December\u0009\u0009
de\u0009range_MMM_d_sameMonth\u000924.\u201327. Dez.\u0009\u0009
de\u0009range_y_MMM_d_diffMonth\u000924. Nov.\u2009\u2013\u20093. Dez. 2022\u0009\u0009
de\u0009range_j_mm_sameDay\u000909:00\u201315:30 Uhr\u0009\u0009
de\u0009range_E_d_MMMM\u0009Sa., 24.\u2009\u2013\u2009Di., 27. Dezember\u0009\u0009
fr\u0009range_MMM_d_sameMonth\u000924\u201327 d\u00e9c.\u0009\u0009
fr\u0009range_y_MMM_d_diffMonth\u000924 nov.\u2009\u2013\u20093 d\u00e9c. 2022\u0009\u0009
fr\u0009range_j_mm_sameDay\u000909:00\u2009\u2013\u200915:30\u0009\u0009
fr\u0009range_E_d_MMMM\u0009sam. 24\u2009\u2013\u2009mar. 27 d\u00e9cembre\u0009\u0009
es\u0009range_MMM_d_sameMonth\u000924\u201327 dic\u0009\u0009
es\u0009range_y_MMM_d_diffMonth\u000924 nov\u2009\u2013\u20093 dic 2022\u0009\u0009
es\u0009range_j_mm_sameDay\u00099:00\u201315:30\u0009\u0009
es\u0009range_E_d_MMMM\u0009s\u00e1b, 24 de diciembre\u2009\u2013\u2009mar, 27 de diciembre\u0009\u0009
ru\u0009range_MMM_d_sameMonth\u000924\u201327 \u0434\u0435\u043a.\u0009\u0009
ru\u0009range_y_MMM_d_diffMonth\u000924 \u043d\u043e\u044f\u0431. \u2013 3 \u0434\u0435\u043a. 2022\u202f\u0433.\u0009\u0009
ru\u0009range_j_mm_sameDay\u000909:00\u201315:30\u0009\u0009
ru\u0009range_E_d_MMMM\u0009\u0441\u0431, 24 \u0434\u0435\u043a\u0430\u0431\u0440\u044f \u2013 \u0432\u0442, 27 \u0434\u0435\u043a\u0430\u0431\u0440\u044f\u0009\u0009
pl\u0009range_MMM_d_sameMonth\u000924\u201327 gru\u0009\u0009
pl\u0009range_y_MMM_d_diffMonth\u000924 lis\u20133 gru 2022\u0009\u0009
pl\u0009range_j_mm_sameDay\u000909:00\u201315:30\u0009\u0009
pl\u0009range_E_d_MMMM\u0009sob., 24 grudnia\u2009\u2013\u2009wt., 27 grudnia\u0009\u0009
ja\u0009range_MMM_d_sameMonth\u000912/24\uff5e12/27\u0009\u0009
ja\u0009range_y_MMM_d_diffMonth\u00092022/11/24\uff5e2022/12/03\u0009\u0009
ja\u0009range_j_mm_sameDay\u00099\u664200\u5206\uff5e15\u664230\u5206\u0009\u0009
ja\u0009range_E_d_MMMM\u000912/24(\u571f)\uff5e12/27(\u706b)\u0009\u0009
zh\u0009range_MMM_d_sameMonth\u000912/24 \u2013 12/27\u0009\u0009
zh\u0009range_y_MMM_d_diffMonth\u00092022/11/24 \u2013 2022/12/3\u0009\u0009
zh\u0009range_j_mm_sameDay\u000909:00\u201315:30\u0009\u0009
zh\u0009range_E_d_MMMM\u000912/24\u5468\u516d\u81f312/27\u5468\u4e8c\u0009\u0009
ko\u0009range_MMM_d_sameMonth\u000912\uc6d4 24\uc77c~27\uc77c\u0009\u0009
ko\u0009range_y_MMM_d_diffMonth\u00092022\ub144 11\uc6d4 24\uc77c~12\uc6d4 3\uc77c\u0009\u0009
ko\u0009range_j_mm_sameDay\u0009\uc624\uc804 9:00 ~ \uc624\ud6c4 3:30\u0009\u0009
ko\u0009range_E_d_MMMM\u000912\uc6d4 24\uc77c (\ud1a0)~27\uc77c (\ud654)\u0009\u0009
ar\u0009range_MMM_d_sameMonth\u000924\u201327 \u062f\u064a\u0633\u0645\u0628\u0631\u0009\u0009
ar\u0009range_y_MMM_d_diffMonth\u000924 \u0646\u0648\u0641\u0645\u0628\u0631 \u2013 3 \u062f\u064a\u0633\u0645\u0628\u0631 2022\u0009\u0009
ar\u0009range_j_mm_sameDay\u00099:00 \u0635\u2009\u2013\u20093:30 \u0645\u0009\u0009
ar\u0009range_E_d_MMMM\u0009\u0627\u0644\u0633\u0628\u062a\u060c 24 \u2013 \u0627\u0644\u062b\u0644\u0627\u062b\u0627\u0621\u060c 27 \u062f\u064a\u0633\u0645\u0628\u0631\u0009\u0009
